file_name,max_value,min_value,mean_value,variance
9-26-21-24-59.mat,0.01568603515625,-0.03094482421875,-0.00887283479324495,3.668231424014552e-05
9-26-21-25-21.mat,0.0115966796875,-0.0264892578125,-0.008930590080492424,2.932583514542838e-05
9-26-21-32-57.mat,0.00946044921875,-0.02532958984375,-0.00797891019570707,2.347787946246739e-05
9-26-21-33-20.mat,0.00823974609375,-0.02618408203125,-0.00871911251183712,2.804739411896363e-05
9-26-21-33-9.mat,0.01422119140625,-0.0238037109375,-0.007977294921875,2.9309954531867095e-05
